img_url,imformation,price
"//img1.mukewang.com/szimg/5e6b4ede09bc3b4412000676-360-202.png
//img1.mukewang.com/szimg/5e703f1408bd81a506000338-360-202.jpg
//img2.mukewang.com/szimg/5e6f2f240847796506000338-360-202.jpg
//img3.mukewang.com/szimg/58d21b90000135a105400300-360-202.jpg
//img1.mukewang.com/szimg/5e3cfea008e9a61b06000338-360-202.jpg
//img1.mukewang.com/szimg/5e5621d0092c054612000676-360-202.png
//img1.mukewang.com/szimg/5e54bebe087fe86d06000338-360-202.jpg
//img2.mukewang.com/szimg/5d25400a08fa408c06000338-360-202.jpg","Typescript + React 高仿 Antd 从零到一打造自己的组件库
大学计算机必修课新讲--编译原理+操作系统+图形学
基于Spark2.x，聚焦算法原理，开发企业级个性化推荐系统
畅销3年的Python分布式爬虫课程  Scrapy打造搜索引擎（2020版）
前端框架及项目面试 聚焦Vue/React/Webpack
编程必备基础-音视频小白系统入门课
专为程序员设计的高等数学课
Java主流技术栈SSM+SpringBoot商铺系统(升级更新)","￥388.00

                                                                

                                                            
￥339.00

                                                                

                                                            
￥328.00

                                                                

                                                            
￥249.00

                                                                

                                                            
￥265.00

                                                                

                                                            "
,,
,,
,,
,,
,,
,,
,,
,,
,,
"//img1.mukewang.com/szimg/5d1032ab08719e0906000338-360-202.jpg
//img4.mukewang.com/szimg/5e26a9f909ef95b512000676-360-202.png
//img3.mukewang.com/szimg/5c0493ce000126b106000338-360-202.jpg
//img1.mukewang.com/szimg/59b8a486000107fb05400300-360-202.jpg
//img1.mukewang.com/szimg/5ad05dc00001eae705400300-360-202.jpg
//img3.mukewang.com/szimg/5dbffa9109ef425a12000676-360-202.png
//img3.mukewang.com/szimg/5dc9047a09bae31e12000676-360-202.png
//img1.mukewang.com/szimg/5a1f65a900015d1505400300-360-202.jpg","编程必备基础 计算机组成原理+操作系统+计算机网络
2020 重学C++ 重构你的C++知识体系
微信小程序入门与实战 常用组件API开发技巧项目实战
全面系统Python3.8入门+进阶  (程序员必备第二语言)
玩转算法系列--数据结构精讲 更适合0算法基础入门到进阶（java版）
抓紧面试前的宝贵时间 快速搞定前端JavaScript面试
Vue Element+Node.js开发企业通用管理后台系统
玩转算法面试-- Leetcode真题分门别类讲解",
"//img4.mukewang.com/540e57300001d6d906000338-360-202.jpg
//img3.mukewang.com/57035ff200014b8a06000338-360-202.jpg
//img2.mukewang.com/529dc3380001379906000338-360-202.jpg
//img2.mukewang.com/574669dc0001993606000338-360-202.jpg
//img4.mukewang.com/53e1d0470001ad1e06000338-360-202.jpg
//img.mukewang.com/53a28e960001311b06000338-360-202.jpg
//img4.mukewang.com/570756b0000146fc06000338-360-202.jpg
//img2.mukewang.com/570360620001390f06000338-360-202.jpg","初识Python
Java入门第一季
初识HTML+CSS
C语言入门
JavaScript入门篇
PS入门教程——新手过招
与MySQL的零距离接触
Java入门第二季",
,,
